"采集平台","博主","博主主页","封面链接","标题","笔记链接","正文","配图文案","视频逐字稿提取","话题标签","图片链接","评论内容","笔记类型","采集时间","笔记最近编辑时间","点赞数","收藏数","评论数","转发数","粉丝数","点赞与收藏数","账号属性","视频链接","音频链接","视频时长","评论采集状态","评论采集条数"
"抖音","环球国际教育","https://www.douyin.com/user/MS4wLjABAAAAT_D74S3i_A9PfsUPAShj98TLfDAUQwcPr7GOZbb-7l6dTqIk3N2jsSV4qoas2GO1","https://p3-sign.douyinpic.com/tos-cn-i-dy/5da305fe4da34eb7be4a1bc80b58e49c~c5_300x400.jpeg?lk3s=138a59ce&x-expires=1783692000&x-signature=YPn1C%2FukGbze%2BWu4uNl4sSfxIVM%3D&from=327834062_large&s=PackSourceEnum_AWEME_DETAIL&se=false&sc=cover&biz_tag=aweme_video&l=2026062622160471CC89AFB06A2CA20052","「最好的听力素材第31集」纯正美音，托福雅思必备 #英语 #英语听力 #托福 #雅思 #托福口语 @DOU+小助手","https://www.douyin.com/video/7477493024755322150","「最好的听力素材第31集」纯正美音，托福雅思必备 #英语 #英语听力 #托福 #雅思 #托福口语 @DOU+小助手","","good afternoon, everybody. it's great to see all of you on this very newsy day, to say the least. i have a couple of updates for you this morning, or this afternoon. as you know, this morning, the president spoke to president putin of russia. they spoke at length, and the president released a statement following that conversation in great detail. i can also confirm that the president just recently got off the phone with president zelensky of ukraine. his truth is as follows: i just spoke to president zelensky of ukraine. the conversation went very well. he, like president putin, wants to make peace. we discussed a variety of topics having to do with the war. But mostly, the meeting that is being set up on friday in munich, where vice president j d vance and secretary of state marco rubio will lead the delegation. I am hopeful that the results of that meeting will be positive. It is time to stop this ridiculous war, where there has been massive and totally unnecessary death and destruction. God bless the people of russia and ukraine. I myself just spoke to the president about these calls, and he told me to tell all of you, they were very good calls, they were very positive, and the administration is wholeheartedly committed to a peace deal to end once and for all the russia-ukraine war. More on that later. I'm sure you'll have more questions to ask this week. The president has continued to deliver on his promises to the american people. According to new polling, that was released at the beginning of this week by cbs news and overwhelming 70% of americans said that president trump is following through on what he pledged to do during his historic campaign. The poll also revealed that americans see president trump as a tough and energetic focused and effective leader. Fighting hard to improve their lives and our country. And yesterday, in particular, was a truly special day for the united states of america. Thanks to the great leadership of president trump, in the strong and tough leadership of president trump. Mark fogle, an american teacher detained by russia, was returned to american soil, and met with the president here at the white house last night. Special envoy steve witkoff in the rest of president trump's incredible national security team helped to negotiate the exchange that secured mark fogle's release. This event shows a good faith effort from russia and it's a sign. As i just said that we are moving in the right direction to end this brutal war. Malphine fogle marks 95 year old mother was understandably very worried that she would never see her son again after his arrest in 2021. mrs. fogle was actually slated to join president trump on stage at the july 13th butler, pennsylvania rally to speak out for mark. and then the infamous assassination attempt against president trump took place. but that day, before the rally, president trump promised mark's mother that when he returned to the white house, he would bring her son home. god saved president trump's life on that day in butler, pennsylvania, and now mark fogle is back home safely with his family as a result. God is good。","#英语,#英语听力,#托福,#雅思,#托福口语","","1、暗心帝君（1年前，上海）：一句没听懂的还有救吗（2305 个赞）
2、離山春煙（1年前，广东）：这发音听的太舒服了（520 个赞）
3、用户5428175575776（7月前，福建）：I have couple of updates ，这个of你们有听到吗，还是直接连读了（17 个赞）
4、不学无术的医学生（1年前，山东）：四六级听力比这个快多了，好多连读声音还小（502 个赞）
5、简鱼（1年前，四川）：感觉这个女生，年级不大，但英语口语好好啊！（2176 个赞）
6、困困狸（1年前，安徽）：英语听力要是有这么清晰就好了（3911 个赞）
7、减肥成功就吃螺蛳粉（1年前，北京）：虽然啥也听不懂，但听的很爽感觉耳朵被洗干净了（7632 个赞）
8、1年前·北京（1年前，北京）：这个口齿真是太清晰了，都不习惯了（117 个赞）
9、东北（辽宁）姑娘在外上大学版（1年前，湖南）：这个不能用来练，因为太清晰了（241 个赞）
10、环球国际教育作者（1年前，北京）：环球国际教育（276 个赞）
11、三点水（1年前，安徽）：我还以为自己听力有进步了 看了评论区 原来是标准英语发音（9194 个赞）
12、vveni（1月前，澳大利亚）：找了一个这么漂亮的女孩子搞image（0 个赞）
13、次次（1年前，广东）：为什么我好像每个单词都听见了 但是还没等我翻译过来明白什么意思，就一闪而过了，这要怎么解决啊（219 个赞）
14、Hong1688（1年前，广东）：It's great to see all of you（241 个赞）
15、煎饼狗子（实战邪修口语）（6月前，四川）：这一段要是听不懂 那就是词汇量的问题了（2 个赞）
16、Lumière（8月前，湖南）：本人口语较好，偏美音，但是平时讲英语的机会很少，如果有搭子的话，每天用英语交流，特别棒，口语差也没关系，可以一起进步嘛（737 个赞）
17、大橘为重（1年前，新西兰）：想真的短时间内快速提高英语实际交流应用能力，去国外读语言学校是最快的方式。我之前在澳洲就去了一个月，现在日常交流已经没啥问题了。（461 个赞）
18、用户9701907623810（5月前，四川）：我天天听能不能也像她这样（0 个赞）
19、路边的佩奇Yuu（1年前，上海）：感觉比我的专四听写顺耳多了（255 个赞）
20、Ai灵猫工具（11月前，陕西）：有小白吗，我分享下自学课程！（2 个赞）","视频","2026/6/26 22:16:06","2025/3/3 19:30:00","286261","104028","1332","24581","未采集","未采集","普通","https://api-play-zjg.amemv.com/aweme/v1/play/?video_id=v0300fg10000cv2m73vog65kol8hqq90&line=0&file_id=fcd7ebcd23a44d14beb6f58ecdcd588c&sign=03dc1c7a792dc013610eb9ce01a41ff3&is_play_url=1&source=PackSourceEnum_AWEME_DETAIL","https://sf6-cdn-tos.douyinstatic.com/obj/tos-cn-ve-2774/o4IMsKcaaCVDBAz9aUMFceDBernoEWQhGbfB4E?xtag=audio","03:14","done","20"
"抖音","Oliver Walsh","https://www.douyin.com/user/MS4wLjABAAAAp-9EoX_HrwIkbJ7pkLqgUQDpKmXKgSVO4ah5v-SHeRc","https://p3-sign.douyinpic.com/tos-cn-i-0813/oISVFa4IPx7ViAcipAB6TgIhBAgAcBUXP9AHE~c5_300x400.jpeg?lk3s=138a59ce&x-expires=1783688400&x-signature=qzopw3utTM%2BhDsHQesq4Ny0mOWs%3D&from=327834062_large&s=PackSourceEnum_AWEME_DETAIL&se=false&sc=cover&biz_tag=aweme_video&l=20260626213234BF51966A8D624D9A88DB","年度最佳香水排行榜。#香水推荐#oliverwalsh #香水#排行榜#oliver","https://www.douyin.com/video/7592034859050580457","年度最佳香水排行榜。#香水推荐#oliverwalsh #香水#排行榜#oliver","","这些呀，是70w的香水收藏。俺这位老外呀，是你的专属香水课代表。英文、买中文，为你学的。2025年，我花了不少的这个，入了一堆香水。 and you don't have to do this 愿望钱我已经替你花过了。so today my 2025年年度好香榜，所有的好闻的香水、好用的香水、性价比高的香水，都在今天的视频里。2026年买香水，就在这里挑。 it's all here. First 平替香，and 今年我用的最多的两个平替就是它们俩。很好用很好用，and 很便宜很便宜。喜欢 ysl 的现状，go try this one，moustache edp，两三百左右，and very very香。喜欢 creed 的三泉，go try this one，club de nuit sillage。i'm not saying it's the same, but it's. that's very close, that's very close. 哦，对了，我2025年还见到迪丽热巴，and we were so very close，and I was so shocked because she smelled so good，I could smell her身上的香水，她很好闻，and she uses MISTINE最新出的那个版本，it's我真的推荐，如果你是一个香水小白，and you want to really一个good好用的香水，go use this one，it's真的明星的气质，and you just smell so beautiful like flowers。who can say no to mixing the teacher and flowers? Ok and今年能让我差点用到空瓶的， check this guys parma之水， cologne 真的是太经典太经典了，万花丛中过。 you see see all of those those are my flowers but i still love this it's really three different fragrances in one fragrance its top note is very fresh clean citrus and then its middle note is beautiful floral fragrance and then its base note is. Amazing 的木质香，that's why i use so much it's like something 香水 in one 香水里面，i 真心真心真心 really like this it's that's beautiful i can't 如果你在找中性的、绅士的、that like 充满意大利太阳阳光给你的能量感。就在我手里的这瓶阿奎迪帕尔米亚克罗尼亚的女娃呢，新的版本。Ok，如果你喜欢茶香、木质香，这种干干净净的、上头的香气， trust me, go try this one from bogali. It's bogali da jiling cha edp. 我今年在3月份的时候，我去了一次广西的崇左。and let me tell you那个地方，the mountains the shade that's like安静的 feeling. 太太跟这个香水，it's the same thing, the same feeling. This is宝格丽的大吉岭茶，but more大自然，more in the mountains, more神秘 and more深邃。 in a香水，真的非常推荐，喜欢木质香的人。 go go try this one, 真的，it's so good. Ok, 如果你是跟我一样，你已经不是一个香水小白，and you want to收藏很多的香水，but you want one that you can wear every day. But also 作为收藏，louis vuitton lake streets 这个系列，it's 真的是一步到位。你知道它厉害在哪里？就很少有这种又不浓又不腻，but long long long lasting，很多的 layers，非常的清新清爽的 citrus 的 feeling，and so 高级。it's 就是那种 you can wear it every single day 的香水。在这个系列，我最推荐就是 symphony，it's this very beautiful citrus fruits and 花香。this is not 普通的富家千金啊，this is lv 的富家千金香。他不一样。嗯，天天，我们2025年马上就要过去了，你要不要跟观众说两句话？说重了啊！说呀，说！","#香水推荐,#oliverwalsh,#香水,#排行榜,#oliver","","1、Miaoqianlim（5月前，马来西亚）：有没有lelabo 19 号平替香（2 个赞）
2、飞҈҉҈҉҈҉҈҉҈҉҈҉（5月前，贵州）：阿玛芙留香时间太短 个把小时（5 个赞）
3、路卡利欧（5月前，湖南）：有没有宝格丽大吉岭茶的平替呀，学生党想买（1 个赞）
4、怎么又天黑了（1月前，四川）：阿玛芙哪里能买啊（1 个赞）
5、讨厌tomato（3月前，湖南）：青提软糖，自我无界，松林少女选哪个（1 个赞）
6、网恋大扔男奔现是正太含泪装假调4i的雨夜（5月前，陕西）：主播主播，寒假打算去成都太古里买百瑞德的香水呀，我是一个女大学生，适合什么味道呀？平时比较喜欢蒂普提克檀道或者爱马仕大地那种味道。（2 个赞）
7、恋诗怀（2月前，广东）：有人推荐一下范思哲香水吗 男生用哪一款比较好（51 个赞）
8、燕麦芝士蛋糕（5月前，湖南）：娇兰铃兰香水有平替吗？可以测评一下吗？主播（1 个赞）
9、开朗的网友（1月前，上海）：求药感木质香和青涩果香 成熟玫瑰香（3 个赞）
10、用户3067076542612（3月前，河北）：大吉岭茶留香很短吗，他的浓香版本也一样吗，香水小白求解答（0 个赞）
11、淡海盐（4月前，贵州）：请我有没有男士香水本人喜欢茶香木香不要太浓求求推荐一下五百以内的都行（1 个赞）
12、咖喱（3月前，甘肃）：反转巴黎怎么样（4 个赞）
13、P娃儿（1月前，广东）：45百有没有旷野平替的（1 个赞）
14、澄怀观道（3月前，四川）：有没有梅森马吉拉慵懒周末的平替啊（0 个赞）
15、一个汉堡（2小时前，山东）：玉龙茶香也很好闻（0 个赞）
16、Edison_H（5月前，广东）：香水新手，在用蔚蓝，还蛮喜欢的。有什么值得拓展的香水推荐吗？（拒绝水生调，头晕）（10 个赞）
17、不锈钢彭先生（5月前，广东）：香奈儿1932有平替的吗（2 个赞）
18、Ꭽℯ⃝香ঞᩚ客꧔ꦿ᭄（5月前，河北）：可以推荐一款腊八蒜味的吗？（59 个赞）
19、CY（1月前，陕西）：哪款香水留香久（0 个赞）
20、L。（4月前，浙江）：已经有了大吉岭茶 然后在寄情 探寻旅者 云淡风轻 玉龙茶香 同名 里面5选1要怎么选呢，我是大学生（3 个赞）","视频","2026/6/26 21:32:38","2026/1/6 08:12:54","125800","43804","1976","12167","未采集","未采集","普通","https://api-play-jj.amemv.com/aweme/v1/play/?video_id=v0200fg10000d5e55lvog65rt60lfn60&line=0&file_id=94fae921c63e44f6a4817522fd1b8b37&sign=59e2c21d56a2f4516016a7e9e77b7981&is_play_url=1&source=PackSourceEnum_AWEME_DETAIL","https://sf3-cdn-tos.douyinstatic.com/obj/ies-music/7592034947125562138.mp3?xtag=audio","03:41","done","20"
"抖音","晓辉博士","https://www.douyin.com/user/MS4wLjABAAAA4LqLxq7PLK9xEB5PPazcKTG-3oInPFTDwbqiSrRL_mg","https://p3-sign.douyinpic.com/tos-cn-i-0813c000-ce/o8B5AoAgICKHDEiRkfeSAHwETU29KwDmA6AAi1~c5_300x400.jpeg?lk3s=138a59ce&x-expires=1783688400&x-signature=wji%2Fbw8buSXvLuSLNLekK4oNz0s%3D&from=327834062_large&s=PackSourceEnum_AWEME_DETAIL&se=false&sc=cover&biz_tag=aweme_video&l=20260626213146C43F635852C01398B911","把工作中不喜欢的部分交给AI 与其担心被AI替代，不如把自己能被AI替代的部分主动交给AI。今天分享四个我自己不喜欢做然后交给AI做的工作任务。#AI #AI就业替代 #AI就业 ……版本过低，升级后可展示全部信息","https://www.douyin.com/video/7654230688266966693","把工作中不喜欢的部分交给AI 与其担心被AI替代，不如把自己能被AI替代的部分主动交给AI。今天分享四个我自己不喜欢做然后交给AI做的工作任务。#AI #AI就业替代 #AI就业 ……版本过低，升级后可展示全部信息","","哈喽，下班了。今天跟大家分享一下，与其去担心被替，ai 替代，不如先让自己被替代。怎么说呢？就是说，不如先把工作中那些能被 ai 替代的任务，就直接外包给 ai。 这个有一个非常细微的差别哈，就是一个是被动的，一个是主动的。被动的被替代，说我这个岗位，比如说编程，或者说知识工作者，因为 ai 很强，它代替了我们，对吧？包括这个公司的裁员之类的，很多人就没有这个职位了。那在这种情况下，个体该怎么应对呢？我觉得应对就是把被动变成主动。其实我们的工作都是由很多任务来组成的，每个人的工作都是有很多的 task，对吧？有的是，比如说我开会就是一项任务，那我写会议纪要可能也是我的一个 task。 就是每个工作者，知识工作者，他的这个任务其实是不一样的。但是没有一个工作是由简简单单一个任务来去构成的。所以我们其实日常上班有很多的任务要我们去处理，那这个时候呢，ai 写代码很强，对吧？但是它没有办法去跟人沟通，没有办法去沟通需求。那没有办法去做这个审核和责任的承担。那所以就是我们当一些任务可以被替代的时候，我们就可以把这样的一些任务外包给 ai。 举个例子哈，我最不喜欢做的工作是什么？我不喜欢开会。那这个时候其实是不是能够让 ai 替我开会呢？那刚巧就是腾讯会议有 ai 分身的这个功能，就可以在我不想开会的时候，让它帮我去听会。那听到的这样一些会，其实也是不需要我参加的。他只要需要带信息回来给我就行了。这是一个哈，然后第二个就是我不喜欢写周报，那这个周报也可以交给 ai，那他怎么知道我的上下文呢？当然我要把大量的，包括对话的记录啊，或者是一些思考的一些内容啊，或者甚至是我的工作日程，交给 ai，让它帮我去做这个秘书。啊，然后这个就是我日常写周报，就一句话，就是帮我写一下本周的工作周报。在我的记忆系统里面调用一些记忆之后呢，他其实可以非常好的帮我去完成这项工作。那我还不喜欢干啥？我还不喜欢做 ppt，我不喜欢去调格式。所以我就可以用，包括 workbody 也好，或者是我最近用到的一个不错的软件哈，叫 youmind。 然后帮我去生成 ppt。比如说我们之前的超级个体、超级团队的一个竖版的介绍哈，其实就是用 umind 帮我去生成的。它调的是 gpt image two 的那个生图的模型。我觉得生图还不错，还可以修改。然后，那我还不喜欢干啥呢？然后，我还不喜欢，呃，我不喜欢做会议纪要，对吧？就比如说开完会之后，如果还要让我再写会议纪要，我就很麻烦。那既可以用元宝，也可以用我自己的那个录音转写，也可以用一些其他的软件来去帮你完成这个工作。那所以当我把这些我不喜欢的事情外包给了AI之后，那我喜欢做什么呢？我喜欢跟真人聊天。我喜欢现场调研，对吧？我去田野做田野调查，我去一线做行业访谈，我甚至是去跟 ai 一起去互动，去做一些有创造性的，能够解决问题的一些项目。比如说像之前我就用 multi agent 去做了 token 经济学的研究，那也是我们，就是 token 经济学去写书的一个起点。包括之后哈，包括我们团队协作用到的一些工具，其实都是用 ai 帮忙写出来的，去解决一个一个的现实的问题。所以当我们的注意力可以从这些我们不喜欢的事情上解放出来的时候，这个时候反而是能够凸显人的价值的时候。那这个时候当你有了更多的主动性在工作中，其实不太用担心被裁掉的，其实因为总是有一些需要人来去承担和负责的任务，是在那摆着，需要用人的创造力去解决的，所以当你能够尽早的把自己从这种 ai 擅长的事中摆脱出来的时候，其实你就解决了一个大问题，就是你的主动性的问题，对吧？就。就是去做你真正喜欢做的事情。那有人说，那我如果不喜欢这个工作怎么办呢？那我觉得这也很好办，那你就去选一个你喜欢的工作就好了。对，然后在你喜欢的那个工作上，让AI帮你去完成一些你不喜欢的部分，然后你来去把你喜欢的部分来完成。对我觉得这个好像是一个挺、挺合理的，也挺简单直接的一个结论哈。当然还有很多人说，那一些蓝领工作者。然后我本来就不需要用 ai，然后这个事情我现在也还没有想通啊，就是因为确实每一次的这个就业的冲击，它都是把劳动力去转移到了一个一个的新的蓄水池中。但是新的蓄水池在哪里，我还不知道。因为这个太宏大的命题，其实很难去回答的。但是我觉得在微观上，一个一个个体，它具体的例子，其实都是可以讨论的。所以，我不知道大家对这个事情怎么看哈？就是大家说：“悲观者正确，乐观者前行。”我觉得乐观的人总是能找到新的机会，而且我也相信人的韧性是会能够帮助我们去在这个新的时代找到一些新的机会的。嗯，就是今天跟大家分享，拜拜！","#ai,#ai就业替代,#ai就业,#主动性","","1、豆包.（3天前，广东）：姐 都做到您这个位置了为什么不考虑买辆车（8 个赞）
2、3天前·安徽（3天前，安徽）：每天让work buddy帮我做方案deepseek帮我核实workbuddy的数据（3 个赞）
3、杨少侠（3天前，四川）：我不喜欢上班（1 个赞）
4、RaNzzz（3天前，广东）：哈哈哈哈好了好了我现在就去用 workbuddy（0 个赞）
5、嘬123（3天前，江西）：如果公司内部的很多内容是不能泄露的，按这种方式工作那就很难用起来（0 个赞）
6、念。（3天前，陕西）：我直接蒸馏自己 反正手机上的各种 APP已经比我自己还了解我自己 早就在网上裸奔了（0 个赞）
7、阿童（3天前，安徽）：这个ai刚出来的时候我就跟领导说过，她们总说ai替代医生，所以我们都要珍惜现在的工作。我说你先别说ai替代我，你先让我用上ai，先让它替代我一部分，累死我了（12 个赞）
8、晓辉博士作者（3天前，新加坡）：先跟它做规划，把交付标准讨论出来，再执行（7 个赞）
9、寻魔的道草人（2天前，四川）：但总的岗位变少了啊（1 个赞）
10、晓辉博士作者（3天前，新加坡）：睡觉挺重要的，睡好了才有精力指挥AI（1 个赞）
11、YARWOOD（3天前，浙江）：自己花钱买token续命（0 个赞）
12、予知问路（3天前，广西）：老公也属于蓝领（0 个赞）
13、净利润国略 优离 压失 基立态 向量调校（3天前，浙江）：地球的星球人类文明 还在低阶阶段，人能干的事还多着勒 AI只是提升了地球的星球文明等级 但还有很多事情需要人类去干，不用担心人类会大量失业，(要提升地球的生存环境 优化人类社会的运转流程 提供更多更美好的东西……)等等 都需要大量人类干活（3 个赞）
14、nival（3天前，山东）：我是一个做制冷设计的，我现在努力把自己会的技能全都提练出来给同事还有用户使用，有一个反直觉的事，就是你提炼了自己反而可以防止自己被替代，因为你变成了这个技能的维护者，后来者有了现成的他反而不会继续在这个方向努力（2 个赞）
15、阿瑞Aric（2天前，北京）：我现在周报都从聊天记录总结 ai 写好了我过一遍没问题就发了，几分钟就结束了，还有腾讯会议开了会员真是好用啊，但凡开会我都开录屏和文字转写，会议纪要 ai 生成了人过一遍省去好多时间（1 个赞）
16、可乐小狗（3天前，广东）：一群ai开会然后写纪要在做周报。然后老板的ai在去看这些那就闭环了（1 个赞）
17、隽永升华‍（3天前，福建）：有没有可能AI的下半场就是主动向你要task（4 个赞）
18、科久（3天前，四川）：Ai的兴起让一个现实更加明确，很多工作是做事的人给不做事的人汇报才创造出来的（1 个赞）
19、喵里个喵（2天前，安徽）：工作被替代了不是刚好吗？人类可以好好的做人类该做的事儿，尽情享受人生借助 AI 更新自己的底层 OS 系统是一件非常爽的事情（0 个赞）
20、怀夏（3天前，湖北）：我让work buddy给我设计了一个二十周的认知提升以及跨学科学习课程，每天生成讲义放腾讯文档我自己看，讲义质量不好的发给ds改，看完做测试题，它再讲解，每周还有毒舌日、总结日，感觉挺好用的（0 个赞）","视频","2026/6/26 21:31:49","2026/6/22 22:44:18","1496","432","100","184","未采集","未采集","普通","https://api-play-jj.amemv.com/aweme/v1/play/?video_id=v2800fgi0000d8skjpvog65mtgj4uq2g&line=0&file_id=7568f225aa9c4ad5a38d29b61c916c06&sign=38444344f56ae0bcfb5672cb9312317f&is_play_url=1&source=PackSourceEnum_AWEME_DETAIL","https://lf9-music-east.douyinstatic.com/obj/ies-music-hj/7654230726480628539.mp3?xtag=audio","05:10","done","20"
"抖音","清华白也","https://www.douyin.com/user/MS4wLjABAAAA-q9LCYwozQdPJPg0BLpmnMi1YhVLUpYPiHrr4GFnAm6tlHaHOrMUjmGS3W1aS7AM","https://p3-sign.douyinpic.com/tos-cn-p-0015c000-ce/ocAQwpSIiBXaEKpSnF7yAeEGXDlxfgAl9CCUae~c5_300x400.jpeg?lk3s=138a59ce&x-expires=1783688400&x-signature=Q4VWKqjFt5ZlhbynKfZe%2Bgexjo0%3D&from=327834062_large&s=PackSourceEnum_AWEME_DETAIL&se=false&sc=cover&biz_tag=aweme_video&l=2026062621283044E4B6AC4CFB309A6B49","分享我关注的优秀博主 #内容创作 #短视频创作","https://www.douyin.com/video/7587357511876103467","分享我关注的优秀博主 #内容创作 #短视频创作","","今天分享几个我关注的非常优秀的博主。第一个就是小辉博士，他经常用的开头就是 hello 下班了。他的整个拍摄剪辑非常简单，就是下班之后边走边拍。他的视频整体偏长，并且内容很干。我关注他的很大一部分原因是因为他能够坚持更新，并且很真实、很自然。而且都会有自己的思考。第二位就是张咋了。他的视频主要是白板和直播的切片，他主要分享自己的 ai 学习和实践的经历。他真的非常真实的在分享自己的想法，以及最近在做的产品。并且他专注于思考本身，不会浪费时间在拍摄、剪辑这些时间上。就整个的创作方法给了我很大的启发。然后第三位呢，就是清华江学长。他主要是以口播和手写白板为主。他讲了很多内容，特别适合 ai 入门。整个人就是很真诚、很真实的去分享。他给我最大的启发就是，其实你不需要有很多的情绪，你就真实的去表达就可以了。第四位就是青蛙成精，因为他自己是投资人出身，所以他分享了很多商业思考以及他的实战的打法。因为他最近也在创业，主要的产品是教老板做直播，因为是投资人出身。所以他思考问题的框架性很强，对问题的本质都有自己的思考。但是他整个拍摄是有专业的拍摄团队的，所以整个质感会比较高。我关注他是因为喜欢他思考的方式，然后思考问题的框架，以及实战过程中一些经验的分享。第五位是经纬，他们主要做律师和美业行业的线索获客，并且也是高客单的。他会分享很多实战经验，而且很有深度，以及有很多的成功案例。我关注他的原因，是因为他是为数不多从营销的角度来看短视频，并且知行合一的。就是他们自己也是用营销的打法在做短视频，并且招人都招的是营销的人。然后我们自己也是去参考他的方法。最后一位是明明啊，他是薛辉团队的，然后主要是做拍摄和剪辑技巧的分享。所以他的拍摄以口播和现场实拍为主。就是他的很多技巧可以拿过来直接用，非常的实用、接地气，而且是真的好用。就这几位是我关注了很久，在他们很早期的时候我就关注了，所以是看着他们一路成长起来的。在关注他们的时候，其实我也关注了很多其他的一些类似的博主，但是最后你发现能像他们一样坚持的做下来，并且拿到结果的其实很少，很多人其实都没有坚持下来。所以每次看到他们还在持续更新的时候，就特别会受到鼓励，就觉得自己可以再坚持、坚持。最后，大家还知道哪些优秀的博主？欢迎一起分享！","#内容创作,#短视频创作","","1、爱笑的泰迪♬（3月前，陕西）：dy最喜欢的博主！！！晓辉博士和小Lin说！！（22 个赞）
2、驾驶不了Eva你就回家（5月前，新加坡）：特别喜欢晓辉博士（32 个赞）
3、三少创客（6月前，湖南）：经纬让整个名单失去了公信力 首评（15 个赞）
4、一颗好好的时光机（3月前，北京）：每次晓辉一下班，我就开始焦虑（11 个赞）
5、终南山杜师兄（3月前，陕西）：张咋啦想关注一下，搜索不到啊（1 个赞）
6、醉钢琴（5月前，上海）：有经纬啊..算了不看了（5 个赞）
7、刘泡芙配王大饼（3月前，北京）：我最近也关注了晓辉博士，真的非常好（0 个赞）
8、奥创眼镜设备（3月前，江苏）：今天刚刷到晓辉博士，就关注了，确实有水平（0 个赞）
9、苏西在进化（3月前，江苏）：一直在关注晓辉博士，学到很多，内容很干（0 个赞）
10、西风（3月前，北京）：晓辉博士剪辑虽然简单，但明显前期需要大量的内容准备工作（4 个赞）
11、组织二号头目（6月前，黑龙江）：经纬让整个名单失去了公信力（4 个赞）
12、搜不到张咋啦（3月前，福建）：条回复（0 个赞）
13、光辉兔子先生（4月前，浙江）：这里只有晓辉博士值得关注，她会讲一些她的感悟。（0 个赞）
14、向上的阿颖（3月前，广东）：晓辉博士也是我喜欢的（0 个赞）
15、立志帅气（4月前，四川）：我也特别喜欢晓辉博士，还能更简单掌握一个小技巧、技能（1 个赞）
16、杰森爱吃班尼迪克蛋（3月前，广东）：我每天抖音接她下班（2 个赞）
17、遨游本草纲目（5月前，广西）：晓辉是搬运工，没有自己的灵魂！（1 个赞）
18、清华白也作者（5月前，上海）：清华白也（0 个赞）
19、暖木生辉（3月前，辽宁）：还有晓辉下属……（0 个赞）
20、Z（5月前，北京）：@豆包AI智能助手（6 个赞）","视频","2026/6/26 21:28:33","2025/12/24 17:42:38","5309","5275","102","760","未采集","未采集","普通","https://api-play-jj.amemv.com/aweme/v1/play/?video_id=v1e00fgi0000d55racnog65ioks20ikg&line=0&file_id=206c376f379b408eb633b26e82154b24&sign=d940b365caff52a226349798346e15b6&is_play_url=1&source=PackSourceEnum_AWEME_DETAIL","https://lf3-music-east.douyinstatic.com/obj/ies-music-hj/7587357635414854457.mp3?xtag=audio","02:48","done","20"